symbol,time,close,high,low,open,volume
AAPL R735QTJ8XC9X,2021-01-04 10:00:00,131.263848534,133.410640519,131.10408727,133.360715124,15400263.0
AAPL R735QTJ8XC9X,2021-01-04 11:00:00,130.774579663,131.473535193,130.185460002,131.273833613,19598222.0
AAPL R735QTJ8XC9X,2021-01-04 12:00:00,128.627787678,131.114072349,128.597832441,130.774579663,20247710.0
AAPL R735QTJ8XC9X,2021-01-04 13:00:00,128.228384518,128.727638468,126.560876325,128.617802599,21647266.0
AAPL R735QTJ8XC9X,2021-01-04 14:00:00,128.977265443,128.997235601,127.848951516,128.218399439,12282258.0
AAPL R735QTJ8XC9X,2021-01-04 15:00:00,129.296787971,129.376668603,128.428086098,128.977265443,12964482.0
AAPL R735QTJ8XC9X,2021-01-04 16:00:00,129.216907339,129.556400025,128.557892125,129.286802892,32170078.0
AAPL R735QTJ8XC9X,2021-01-05 10:00:00,131.114072349,131.273833613,128.238369597,128.787548942,15235098.0
AAPL R735QTJ8XC9X,2021-01-05 11:00:00,130.335236187,131.543430746,130.2403779365,131.124057428,16476823.0
AAPL R735QTJ8XC9X,2021-01-05 12:00:00,130.095594291,130.494997451,129.736131447,130.3402287265,13268841.0
AAPL R735QTJ8XC9X,2021-01-05 13:00:00,129.945818106,130.145519686,129.646265736,130.095594291,8788870.0
AAPL R735QTJ8XC9X,2021-01-05 14:00:00,130.4300944375,130.435086977,129.756101605,129.955803185,6683345.0
AAPL R735QTJ8XC9X,2021-01-05 15:00:00,130.764594584,131.213923139,130.40513174,130.435086977,10138077.0
AAPL R735QTJ8XC9X,2021-01-05 16:00:00,130.814519979,131.253863455,130.564893004,130.764594584,20160785.0
AAPL R735QTJ8XC9X,2021-01-06 10:00:00,127.868921674,128.328235308,126.361174745,127.339712487,23815367.0
AAPL R735QTJ8XC9X,2021-01-06 11:00:00,129.196937181,129.5414224065,127.399622961,127.878906753,22419492.0
AAPL R735QTJ8XC9X,2021-01-06 12:00:00,129.925847948,130.844475216,128.90736989,129.196937181,18698703.0
AAPL R735QTJ8XC9X,2021-01-06 13:00:00,129.825997158,130.5099750695,129.60632542,129.935833027,10366881.0
AAPL R735QTJ8XC9X,2021-01-06 14:00:00,129.057146075,130.055653975,128.747608626,129.825997158,12890809.0
AAPL R735QTJ8XC9X,2021-01-06 15:00:00,127.739115647,129.256847655,126.91035409,129.067131154,21628972.0
AAPL R735QTJ8XC9X,2021-01-06 16:00:00,126.41110014,128.028682938,126.191428402,127.739115647,38342420.0
AAPL R735QTJ8XC9X,2021-01-07 10:00:00,128.827489258,128.947310206,127.669220094,128.188444202,17916975.0
AAPL R735QTJ8XC9X,2021-01-07 11:00:00,130.355206345,130.365191424,128.687698152,128.837474337,20009358.0
AAPL R735QTJ8XC9X,2021-01-07 12:00:00,130.125549528,130.844475216,129.945818106,130.365191424,14352007.0
AAPL R735QTJ8XC9X,2021-01-07 13:00:00,130.2703331735,130.455057135,129.666235894,130.135534607,8678993.0
AAPL R735QTJ8XC9X,2021-01-07 14:00:00,130.10557937,130.375176503,129.825997158,130.2703331735,7190444.0
AAPL R735QTJ8XC9X,2021-01-07 15:00:00,130.574878083,130.584863162,130.085609212,130.1105719095,7507591.0
AAPL R735QTJ8XC9X,2021-01-07 16:00:00,130.724654268,131.4286023375,130.265340634,130.584863162,25890890.0
AAPL R735QTJ8XC9X,2021-01-08 10:00:00,131.353714245,132.432102777,130.155504765,132.30229675,17558225.0
AAPL R735QTJ8XC9X,2021-01-08 11:00:00,130.824505058,131.773087563,130.065639054,131.3487217055,16229791.0
AAPL R735QTJ8XC9X,2021-01-08 12:00:00,132.052669775,132.052669775,130.435086977,130.834490137,13105868.0
AAPL R735QTJ8XC9X,2021-01-08 13:00:00,131.473535193,132.372192303,131.323759008,132.042684696,11589099.0
AAPL R735QTJ8XC9X,2021-01-08 14:00:00,130.814519979,131.593356141,130.035683817,131.473535193,11815538.0
AAPL R735QTJ8XC9X,2021-01-08 15:00:00,131.243878376,131.3587067845,130.774579663,130.8045349,8065750.0
AAPL R735QTJ8XC9X,2021-01-08 16:00:00,131.852968195,132.012729459,131.193952981,131.243878376,20006395.0
AAPL R735QTJ8XC9X,2021-01-11 10:00:00,129.226892418,129.626295578,128.30826515,128.8075191,17693207.0
AAPL R735QTJ8XC9X,2021-01-11 11:00:00,129.386653682,129.975773343,129.087101312,129.216907339,16045186.0
AAPL R735QTJ8XC9X,2021-01-11 12:00:00,129.316758129,129.496489551,128.837474337,129.386653682,9461900.0
AAPL R735QTJ8XC9X,2021-01-11 13:00:00,129.356698445,129.865937474,129.166981944,129.316758129,8098258.0
AAPL R735QTJ8XC9X,2021-01-11 14:00:00,129.147011786,129.736131447,129.027190838,129.346713366,9260522.0
AAPL R735QTJ8XC9X,2021-01-11 15:00:00,129.117056549,129.147011786,128.677713073,129.147011786,9112985.0
AAPL R735QTJ8XC9X,2021-01-11 16:00:00,128.787548942,129.246862576,128.497981651,129.117056549,21868198.0
AAPL R735QTJ8XC9X,2021-01-12 10:00:00,128.168474044,129.496489551,127.85604092209,128.288294992,14329983.0
AAPL R735QTJ8XC9X,2021-01-12 11:00:00,128.727638468,129.137026707,127.988742622,128.168474044,13184915.0
AAPL R735QTJ8XC9X,2021-01-12 12:00:00,128.1634815045,128.987250522,126.70685817998,128.70766831,10674944.0
AAPL R735QTJ8XC9X,2021-01-12 13:00:00,127.7540932655,128.8075191,126.670712194,128.168474044,15362753.0
AAPL R735QTJ8XC9X,2021-01-12 14:00:00,128.00871278,128.248354676,127.519443909,127.759085805,8042899.0
AAPL R735QTJ8XC9X,2021-01-12 15:00:00,128.20841436,128.5928399015,127.888891832,128.0037202405,8796723.0
AAPL R735QTJ8XC9X,2021-01-12 16:00:00,128.60781752,128.997235601,128.018697859,128.20841436,16592584.0
AAPL R735QTJ8XC9X,2021-01-13 10:00:00,129.636280657,130.00572858,128.298280071,128.428086098,13171098.0
AAPL R735QTJ8XC9X,2021-01-13 11:00:00,130.834490137,131.064146954,129.127041628,129.636280657,17389226.0
AAPL R735QTJ8XC9X,2021-01-13 12:00:00,130.954311085,131.253863455,130.5299452275,130.834490137,13019649.0
AAPL R735QTJ8XC9X,2021-01-13 13:00:00,130.924355848,130.994251401,130.225400318,130.964296164,10864581.0
AAPL R735QTJ8XC9X,2021-01-13 14:00:00,130.664743794,131.094102191,130.574878083,130.924355848,5853253.0
AAPL R735QTJ8XC9X,2021-01-13 15:00:00,130.814519979,131.00423648,130.544922846,130.664743794,6624069.0
AAPL R735QTJ8XC9X,2021-01-13 16:00:00,130.694699031,130.9293483875,130.415116819,130.814519979,16935092.0
AAPL R735QTJ8XC9X,2021-01-14 10:00:00,129.806027,130.8045349,129.466534314,130.564893004,12884417.0
AAPL R735QTJ8XC9X,2021-01-14 11:00:00,130.425101898,130.674728873,129.40662384,129.816012079,15324907.0
AAPL R735QTJ8XC9X,2021-01-14 12:00:00,129.806027,130.50498253,129.666235894,130.435086977,8791534.0
AAPL R735QTJ8XC9X,2021-01-14 13:00:00,129.935833027,130.00572858,129.346713366,129.806027,7984494.0
AAPL R735QTJ8XC9X,2021-01-14 14:00:00,129.336728287,129.935833027,129.30677305,129.925847948,6531028.0
AAPL R735QTJ8XC9X,2021-01-14 15:00:00,129.436579077,129.546414946,129.097086391,129.336728287,8328693.0
AAPL R735QTJ8XC9X,2021-01-14 16:00:00,128.717653389,129.776071763,128.557892125,129.426593998,24786745.0
AAPL R735QTJ8XC9X,2021-01-15 10:00:00,128.957295285,130.025698738,128.438071177,128.767578784,18315010.0
AAPL R735QTJ8XC9X,2021-01-15 11:00:00,128.028682938,128.967280364,127.30975725,128.967280364,19919840.0
AAPL R735QTJ8XC9X,2021-01-15 12:00:00,128.557892125,129.156996865,127.40960804,128.038668017,16530607.0
AAPL R735QTJ8XC9X,2021-01-15 13:00:00,128.298280071,128.60781752,127.998727701,128.557892125,8443142.0
AAPL R735QTJ8XC9X,2021-01-15 14:00:00,128.30826515,128.737623547,128.078608333,128.298280071,7907307.0
AAPL R735QTJ8XC9X,2021-01-15 15:00:00,127.539414067,128.537921967,127.459533435,128.30826515,8532104.0
AAPL R735QTJ8XC9X,2021-01-15 16:00:00,126.950294406,127.769070884,126.8105033,127.549399146,25807857.0
AAPL R735QTJ8XC9X,2021-01-19 10:00:00,127.279802013,128.50796673,127.040160117,127.529428988,20340079.0
AAPL R735QTJ8XC9X,2021-01-19 11:00:00,126.91035409,127.30975725,126.740607747,127.2748094735,14293195.0
AAPL R735QTJ8XC9X,2021-01-19 12:00:00,127.50945883,127.599324541,126.850443616,126.91035409,9641963.0
AAPL R735QTJ8XC9X,2021-01-19 13:00:00,127.8439589765,127.898876911,127.090085512,127.519443909,8428354.0
AAPL R735QTJ8XC9X,2021-01-19 14:00:00,127.749100726,128.0636307145,127.699175331,127.848951516,6680206.0
AAPL R735QTJ8XC9X,2021-01-19 15:00:00,127.699175331,127.998727701,127.489488672,127.7540932655,6353822.0
AAPL R735QTJ8XC9X,2021-01-19 16:00:00,127.639264857,127.938817227,127.449548356,127.699175331,17006926.0
AAPL R735QTJ8XC9X,2021-01-20 10:00:00,129.776071763,130.235385397,128.348205466,128.428086098,14993000.0
AAPL R735QTJ8XC9X,2021-01-20 11:00:00,131.513475509,131.623311378,129.60632542,129.806027,19995871.0
AAPL R735QTJ8XC9X,2021-01-20 12:00:00,131.8879159715,132.052669775,130.874430453,131.513475509,13414673.0
AAPL R735QTJ8XC9X,2021-01-20 13:00:00,131.673236773,132.012729459,131.493505351,131.892908511,8112652.0
AAPL R735QTJ8XC9X,2021-01-20 14:00:00,131.7381397865,132.242386276,131.623311378,131.673236773,8228096.0
AAPL R735QTJ8XC9X,2021-01-20 15:00:00,131.982774222,132.292311671,131.533445667,131.7381397865,10166044.0
AAPL R735QTJ8XC9X,2021-01-20 16:00:00,131.832998037,132.262356434,131.743132326,131.982774222,22744685.0
AAPL R735QTJ8XC9X,2021-01-21 10:00:00,134.668760473,134.878447132,133.390670361,133.630312257,22362076.0
AAPL R735QTJ8XC9X,2021-01-21 11:00:00,135.787089321,136.146552165,134.59886492,134.658775394,23371373.0
AAPL R735QTJ8XC9X,2021-01-21 12:00:00,135.866969953,136.246402955,135.357730924,135.787089321,13538362.0
AAPL R735QTJ8XC9X,2021-01-21 13:00:00,135.966820743,135.99677598,134.9233799875,135.8719624925,10582030.0
AAPL R735QTJ8XC9X,2021-01-21 14:00:00,135.9218878875,136.276358192,135.707208689,135.966820743,8445135.0
AAPL R735QTJ8XC9X,2021-01-21 15:00:00,136.336268666,136.49602993,135.89692519,135.916895348,8506058.0
AAPL R735QTJ8XC9X,2021-01-21 16:00:00,136.665776273,139.29185205,136.246402955,136.326283587,24563107.0
AAPL R735QTJ8XC9X,2021-01-22 10:00:00,137.165030223,137.374716882,134.818536658,136.136567086,18290162.0
AAPL R735QTJ8XC9X,2021-01-22 11:00:00,136.685746431,137.454597514,135.51369785798,137.165030223,17076252.0
AAPL R735QTJ8XC9X,2021-01-22 12:00:00,137.135074986,137.3098138685,136.59588072,136.6847479231,12113027.0
AAPL R735QTJ8XC9X,2021-01-22 13:00:00,137.774120042,137.973821622,136.99528388,137.145060065,13179546.0
AAPL R735QTJ8XC9X,2021-01-22 14:00:00,137.784105121,138.113612728,137.534478146,137.774120042,9060848.0
AAPL R735QTJ8XC9X,2021-01-22 15:00:00,138.882463811,138.982314601,137.08085600703,137.7940902,11130516.0
AAPL R735QTJ8XC9X,2021-01-22 16:00:00,138.862493653,139.641329815,138.343269545,138.89244889,28137475.0
AAPL R735QTJ8XC9X,2021-01-25 10:00:00,144.723735026,146.031780375,142.716734147,142.916435727,30404914.0
AAPL R735QTJ8XC9X,2021-01-25 11:00:00,140.879479611,144.7836455,140.669792952,144.723735026,25389681.0
AAPL R735QTJ8XC9X,2021-01-25 12:00:00,142.377241461,142.556972883,136.336268666,140.9184214191,33588179.0
AAPL R735QTJ8XC9X,2021-01-25 13:00:00,142.207495118,142.736704305,140.699748189,142.38722654,16447968.0
AAPL R735QTJ8XC9X,2021-01-25 14:00:00,142.447137014,143.076196991,141.947883064,142.217480197,13245267.0
AAPL R735QTJ8XC9X,2021-01-25 15:00:00,142.48707733,142.7866297,141.58842022,142.457122093,9878676.0
AAPL R735QTJ8XC9X,2021-01-25 16:00:00,142.706749068,142.916435727,141.538494825,142.477092251,20917447.0
AAPL R735QTJ8XC9X,2021-01-26 10:00:00,142.816584937,144.08468997,141.169046902,143.345794124,19410603.0
AAPL R735QTJ8XC9X,2021-01-26 11:00:00,142.48707733,143.006301438,141.678285931,142.826570016,15998003.0
AAPL R735QTJ8XC9X,2021-01-26 12:00:00,141.708241168,142.966361122,141.618375457,142.477092251,11775700.0
AAPL R735QTJ8XC9X,2021-01-26 13:00:00,141.997808459,142.237450355,141.708241168,141.708241168,8397720.0
AAPL R735QTJ8XC9X,2021-01-26 14:00:00,142.7516819235,142.98633128,141.828062116,142.007793538,8131489.0
AAPL R735QTJ8XC9X,2021-01-26 15:00:00,142.706749068,143.166062702,142.427166856,142.7516819235,8793487.0
AAPL R735QTJ8XC9X,2021-01-26 16:00:00,142.946390964,143.106152228,142.546987804,142.706749068,16068469.0
AAPL R735QTJ8XC9X,2021-01-27 10:00:00,142.546987804,143.615391257,141.228957376,143.215988097,14613355.0
AAPL R735QTJ8XC9X,2021-01-27 11:00:00,143.1251238781,144.08468997,142.1246189623,142.566957962,17083832.0
AAPL R735QTJ8XC9X,2021-01-27 12:00:00,141.708241168,143.156077623,141.628360536,143.1211298465,12791322.0
AAPL R735QTJ8XC9X,2021-01-27 13:00:00,143.1111447675,143.325823966,141.558464983,141.708241168,11161112.0
AAPL R735QTJ8XC9X,2021-01-27 14:00:00,143.1810403205,143.435659835,142.08767417,143.106152228,10121915.0
AAPL R735QTJ8XC9X,2021-01-27 15:00:00,141.548479904,143.775152521,141.049225954,143.18603286,18340919.0
AAPL R735QTJ8XC9X,2021-01-27 16:00:00,141.848032274,142.676793831,140.200494239,141.558464983,33509993.0
AAPL R735QTJ8XC9X,2021-01-28 10:00:00,138.053702254,139.791106,137.7940902,139.311822208,19242635.0
AAPL R735QTJ8XC9X,2021-01-28 11:00:00,139.022254917,140.120613607,137.7940902,138.053702254,21847238.0
AAPL R735QTJ8XC9X,2021-01-28 12:00:00,138.862493653,139.821061237,138.283359071,139.022254917,14160275.0
AAPL R735QTJ8XC9X,2021-01-28 13:00:00,140.49006153,141.91902618569,138.7925981,138.862493653,21189373.0
AAPL R735QTJ8XC9X,2021-01-28 14:00:00,140.000792659,140.719718347,139.69125521,140.520016767,10917647.0
AAPL R735QTJ8XC9X,2021-01-28 15:00:00,139.112120628,140.130598686,138.822553337,140.0057851985,13184984.0
AAPL R735QTJ8XC9X,2021-01-28 16:00:00,136.885448011,139.122105707,136.49602993,139.112120628,32125880.0
AAPL R735QTJ8XC9X,2021-01-29 10:00:00,134.918387448,136.535970246,133.580386862,135.49752203,19106489.0
AAPL R735QTJ8XC9X,2021-01-29 11:00:00,133.919879548,135.387686161,133.630312257,134.918387448,19091896.0
AAPL R735QTJ8XC9X,2021-01-29 12:00:00,132.781580542,134.1345587465,131.00423648,133.929864627,31310761.0
AAPL R735QTJ8XC9X,2021-01-29 13:00:00,130.385161582,133.1060956095,130.015713659,132.781580542,27274840.0
AAPL R735QTJ8XC9X,2021-01-29 14:00:00,131.463550114,132.611834199,130.155504765,130.375176503,21779229.0
AAPL R735QTJ8XC9X,2021-01-29 15:00:00,131.433594877,132.432102777,130.834490137,131.453565035,14954990.0
AAPL R735QTJ8XC9X,2021-01-29 16:00:00,131.763102484,133.30080465,131.39804799576,131.443579956,35722035.0
AAPL R735QTJ8XC9X,2021-02-01 10:00:00,132.10259517,134.608849999,130.724654268,133.450580835,18328093.0
AAPL R735QTJ8XC9X,2021-02-01 11:00:00,132.761610384,133.640297336,131.00423648,132.072639933,18222041.0
AAPL R735QTJ8XC9X,2021-02-01 12:00:00,133.570401783,134.229416997,132.092610091,132.741640226,13625082.0
AAPL R735QTJ8XC9X,2021-02-01 13:00:00,134.628820157,134.748641105,133.560416704,133.570401783,11558792.0
AAPL R735QTJ8XC9X,2021-02-01 14:00:00,134.538954446,135.177999502,134.069655733,134.628820157,11140600.0
AAPL R735QTJ8XC9X,2021-02-01 15:00:00,134.019730338,134.568909683,133.680237652,134.538954446,8634295.0
AAPL R735QTJ8XC9X,2021-02-01 16:00:00,133.939849706,134.638805236,133.839998916,134.029715417,19972307.0
AAPL R735QTJ8XC9X,2021-02-02 10:00:00,135.217939818,136.116596928,134.758626184,135.39767124,13703692.0
AAPL R735QTJ8XC9X,2021-02-02 11:00:00,135.267865213,135.827029637,134.818536658,135.237909976,14083794.0
AAPL R735QTJ8XC9X,2021-02-02 12:00:00,134.828521737,135.457581714,134.648790315,135.2728577525,9124667.0
AAPL R735QTJ8XC9X,2021-02-02 13:00:00,134.808551579,135.267865213,134.69871571,134.838506816,7054504.0
AAPL R735QTJ8XC9X,2021-02-02 14:00:00,134.788581421,134.988283001,134.419133498,134.808551579,7535783.0
AAPL R735QTJ8XC9X,2021-02-02 15:00:00,134.658775394,134.928372527,134.528969367,134.778596342,7114604.0
AAPL R735QTJ8XC9X,2021-02-02 16:00:00,134.788581421,135.247895055,134.409148419,134.658775394,18526328.0
AAPL R735QTJ8XC9X,2021-02-03 10:00:00,135.148044265,135.567417583,134.139551286,135.357730924,11557664.0
AAPL R735QTJ8XC9X,2021-02-03 11:00:00,133.89990939,135.19796966,133.410640519,135.158029344,16154650.0
AAPL R735QTJ8XC9X,2021-02-03 12:00:00,134.3841857215,134.558924604,133.670252573,133.909894469,8233433.0
AAPL R735QTJ8XC9X,2021-02-03 13:00:00,135.247895055,135.267865213,134.339252866,134.379193182,11012631.0
AAPL R735QTJ8XC9X,2021-02-03 14:00:00,134.788581421,135.347745845,134.618835078,135.247895055,9372870.0
AAPL R735QTJ8XC9X,2021-02-03 15:00:00,134.189476681,134.868462053,134.109596049,134.7985665,7405682.0
AAPL R735QTJ8XC9X,2021-02-03 16:00:00,133.740148126,134.389178261,133.70020781,134.189476681,21554001.0
AAPL R735QTJ8XC9X,2021-02-04 10:00:00,135.078148712,136.266373113,134.858476974,136.206462639,14181154.0
AAPL R735QTJ8XC9X,2021-02-04 11:00:00,134.808551579,135.537462346,134.389178261,135.068163633,13774689.0
AAPL R735QTJ8XC9X,2021-02-04 12:00:00,135.827029637,136.136567086,134.788581421,134.808551579,9359058.0
AAPL R735QTJ8XC9X,2021-02-04 13:00:00,135.627328057,136.066671533,135.557432504,135.827029637,6599206.0
AAPL R735QTJ8XC9X,2021-02-04 14:00:00,136.016746138,136.066671533,135.547447425,135.637313136,5067585.0
AAPL R735QTJ8XC9X,2021-02-04 15:00:00,136.535970246,136.645806115,136.0117535985,136.016746138,8120248.0
AAPL R735QTJ8XC9X,2021-02-04 16:00:00,137.185000381,137.37901046597,136.476059772,136.545955325,18485286.0
AAPL R735QTJ8XC9X,2021-02-05 10:00:00,136.53,137.42,136.08,137.35,12786188.0
AAPL R735QTJ8XC9X,2021-02-05 11:00:00,136.47,136.76,135.865,136.54,13050526.0
AAPL R735QTJ8XC9X,2021-02-05 12:00:00,136.58,136.77,136.19,136.47,7591862.0
AAPL R735QTJ8XC9X,2021-02-05 13:00:00,137.06,137.13,136.515,136.58,7864031.0
AAPL R735QTJ8XC9X,2021-02-05 14:00:00,136.535,137.32,136.51,137.055,8831404.0
AAPL R735QTJ8XC9X,2021-02-05 15:00:00,136.67,136.78,136.42,136.54,6740777.0
AAPL R735QTJ8XC9X,2021-02-05 16:00:00,136.76,136.83,136.06,136.66,14873301.0
AAPL R735QTJ8XC9X,2021-02-08 10:00:00,135.69,136.25,134.92,136.11,13255086.0
AAPL R735QTJ8XC9X,2021-02-08 11:00:00,136.61,136.68,135.595,135.68,11446352.0
AAPL R735QTJ8XC9X,2021-02-08 12:00:00,136.23,136.91,135.84,136.61,11082928.0
AAPL R735QTJ8XC9X,2021-02-08 13:00:00,135.98,136.54,135.84,136.24,6645616.0
AAPL R735QTJ8XC9X,2021-02-08 14:00:00,135.93,136.3,135.8,135.97,4846530.0
AAPL R735QTJ8XC9X,2021-02-08 15:00:00,136.32,136.325,135.89,135.93,4448745.0
AAPL R735QTJ8XC9X,2021-02-08 16:00:00,136.91,136.96,136.14,136.32,14796371.0
AAPL R735QTJ8XC9X,2021-02-09 10:00:00,136.95,137.68,136.5,136.71,23027232.0
AAPL R735QTJ8XC9X,2021-02-09 11:00:00,137.19,137.875,136.82,136.95,11730883.0
AAPL R735QTJ8XC9X,2021-02-09 12:00:00,136.47,137.27,136.43,137.19,9260420.0
AAPL R735QTJ8XC9X,2021-02-09 13:00:00,136.58,136.79,136.43,136.47,5037359.0
AAPL R735QTJ8XC9X,2021-02-09 14:00:00,136.415,136.61,136.18,136.575,5608227.0
AAPL R735QTJ8XC9X,2021-02-09 15:00:00,136.72,136.8,136.4,136.41,4334962.0
AAPL R735QTJ8XC9X,2021-02-09 16:00:00,136.01,136.74,135.85,136.72,13254574.0
AAPL R735QTJ8XC9X,2021-02-10 10:00:00,136.38,136.99,136.13,136.49,8140964.0
AAPL R735QTJ8XC9X,2021-02-10 11:00:00,135.36,136.73,134.4,136.37,18076192.0
AAPL R735QTJ8XC9X,2021-02-10 12:00:00,135.42,135.65,134.82,135.35,10699133.0
AAPL R735QTJ8XC9X,2021-02-10 13:00:00,135.085,135.5275,135.04,135.42,5523944.0
AAPL R735QTJ8XC9X,2021-02-10 14:00:00,135.07,135.24,134.93,135.09,4283019.0
AAPL R735QTJ8XC9X,2021-02-10 15:00:00,135.6,135.84,135.0,135.07,6136933.0
AAPL R735QTJ8XC9X,2021-02-10 16:00:00,135.39,135.8,134.94,135.61,16609658.0
AAPL R735QTJ8XC9X,2021-02-11 10:00:00,135.04,136.39,135.0,135.98,10336361.0
AAPL R735QTJ8XC9X,2021-02-11 11:00:00,135.11,135.54,134.92,135.05,9605089.0
AAPL R735QTJ8XC9X,2021-02-11 12:00:00,134.91,135.229,134.75,135.12,5687380.0
AAPL R735QTJ8XC9X,2021-02-11 13:00:00,134.28,135.0,133.88,134.91,8953578.0
AAPL R735QTJ8XC9X,2021-02-11 14:00:00,134.185,134.39,133.96,134.28,5463294.0
AAPL R735QTJ8XC9X,2021-02-11 15:00:00,134.33,134.34,133.77,134.18,8421085.0
AAPL R735QTJ8XC9X,2021-02-11 16:00:00,135.13,135.28,134.2402,134.34,12827907.0
AAPL R735QTJ8XC9X,2021-02-12 10:00:00,133.87,134.73,133.79,134.28,8536022.0
AAPL R735QTJ8XC9X,2021-02-12 11:00:00,134.55,134.845,133.69,133.87,11153620.0
AAPL R735QTJ8XC9X,2021-02-12 12:00:00,134.32,134.77,134.24,134.55,5883333.0
AAPL R735QTJ8XC9X,2021-02-12 13:00:00,134.32,134.5,134.07,134.32,5187767.0
AAPL R735QTJ8XC9X,2021-02-12 14:00:00,134.28,134.39,134.0,134.32,5283734.0
AAPL R735QTJ8XC9X,2021-02-12 15:00:00,134.6,134.69,134.08,134.27,5706595.0
AAPL R735QTJ8XC9X,2021-02-12 16:00:00,135.37,135.53,134.46,134.6,16253434.0
AAPL R735QTJ8XC9X,2021-02-16 10:00:00,135.045,136.01,134.68,135.47,11476135.0
AAPL R735QTJ8XC9X,2021-02-16 11:00:00,134.3,135.15,134.15,135.05,11259890.0
AAPL R735QTJ8XC9X,2021-02-16 12:00:00,133.11,134.3325,132.95,134.305,15634636.0
AAPL R735QTJ8XC9X,2021-02-16 13:00:00,133.475,133.729,132.7,133.11,8614478.0
AAPL R735QTJ8XC9X,2021-02-16 14:00:00,132.92,133.56,132.79,133.48,7180957.0
AAPL R735QTJ8XC9X,2021-02-16 15:00:00,133.16,133.65,132.92,132.93,6158354.0
AAPL R735QTJ8XC9X,2021-02-16 16:00:00,133.19,133.46,133.02,133.17,14818952.0
AAPL R735QTJ8XC9X,2021-02-17 10:00:00,130.8293,132.22,130.81,131.23,16142244.0
AAPL R735QTJ8XC9X,2021-02-17 11:00:00,130.8793,131.1491,129.6667,130.83,22736707.0
AAPL R735QTJ8XC9X,2021-02-17 12:00:00,130.25,130.99,129.47,130.8075,16467576.0
AAPL R735QTJ8XC9X,2021-02-17 13:00:00,130.3868,130.43,129.6667,130.255,9093419.0
AAPL R735QTJ8XC9X,2021-02-17 14:00:00,130.49,130.6999,128.9656,130.3882,6807147.0
AAPL R735QTJ8XC9X,2021-02-17 15:00:00,130.345,130.74,130.25,130.51,6299709.0
AAPL R735QTJ8XC9X,2021-02-17 16:00:00,130.84,130.99,130.26,130.3493,16252753.0
AAPL R735QTJ8XC9X,2021-02-18 10:00:00,129.53,129.68,128.49,129.22,13658223.0
AAPL R735QTJ8XC9X,2021-02-18 11:00:00,128.555,129.58,127.4,129.3516,20297745.0
AAPL R735QTJ8XC9X,2021-02-18 12:00:00,128.34,129.11,127.7689,128.555,12597504.0
AAPL R735QTJ8XC9X,2021-02-18 13:00:00,128.7,128.84,127.9,128.34,11096229.0
AAPL R735QTJ8XC9X,2021-02-18 14:00:00,128.555,129.07,128.45,128.695,8407034.0
AAPL R735QTJ8XC9X,2021-02-18 15:00:00,129.075,129.13,127.92,128.56,7700410.0
AAPL R735QTJ8XC9X,2021-02-18 16:00:00,129.71,129.995,128.71,129.0708,19270130.0
AAPL R735QTJ8XC9X,2021-02-19 10:00:00,130.44,130.445,129.45,130.16,14906900.0
AAPL R735QTJ8XC9X,2021-02-19 11:00:00,129.9484,130.53,129.46,130.4399,12035559.0
AAPL R735QTJ8XC9X,2021-02-19 12:00:00,130.08,130.71,129.82,129.94,9851728.0
AAPL R735QTJ8XC9X,2021-02-19 13:00:00,129.305,130.17,129.03,130.08,11986740.0
AAPL R735QTJ8XC9X,2021-02-19 14:00:00,129.135,129.4298,128.8,129.34,8695664.0
AAPL R735QTJ8XC9X,2021-02-19 15:00:00,129.645,129.6592,128.8,129.14,8048724.0
AAPL R735QTJ8XC9X,2021-02-19 16:00:00,129.87,130.1,129.439,129.64,17444263.0
AAPL R735QTJ8XC9X,2021-02-22 10:00:00,128.4893,129.73,127.82,127.99,13124680.0
AAPL R735QTJ8XC9X,2021-02-22 11:00:00,125.926,128.9185,125.6,128.48,25123695.0
AAPL R735QTJ8XC9X,2021-02-22 12:00:00,126.905,127.25,125.79,125.92,12806118.0
AAPL R735QTJ8XC9X,2021-02-22 13:00:00,127.255,127.99,125.91,126.9,7679387.0
AAPL R735QTJ8XC9X,2021-02-22 14:00:00,127.76,127.96,126.79,127.255,7093502.0
AAPL R735QTJ8XC9X,2021-02-22 15:00:00,127.29,127.8324,127.1,127.769,6575961.0
AAPL R735QTJ8XC9X,2021-02-22 16:00:00,126.0,127.3,126.0,127.29,26982750.0
AAPL R735QTJ8XC9X,2021-02-23 10:00:00,121.77,123.825,118.38,123.79,34954044.0
AAPL R735QTJ8XC9X,2021-02-23 11:00:00,123.6447,123.94,120.085,120.9278,26407696.0
AAPL R735QTJ8XC9X,2021-02-23 12:00:00,122.125,124.13,122.02,123.64,16712942.0
AAPL R735QTJ8XC9X,2021-02-23 13:00:00,122.1499,123.03,121.31,122.12,17672486.0
AAPL R735QTJ8XC9X,2021-02-23 14:00:00,124.4001,124.6,121.88,122.33,14631521.0
AAPL R735QTJ8XC9X,2021-02-23 15:00:00,125.63,125.65,123.19,124.4,14399948.0
AAPL R735QTJ8XC9X,2021-02-23 16:00:00,125.86,126.74,125.2967,125.64,25058100.0
AAPL R735QTJ8XC9X,2021-02-24 10:00:00,123.36,125.35,123.21,124.98,17547512.0
AAPL R735QTJ8XC9X,2021-02-24 11:00:00,124.27,125.04,122.23,123.6673,20987971.0
AAPL R735QTJ8XC9X,2021-02-24 12:00:00,124.5293,126.1667,123.825,124.255,13417833.0
AAPL R735QTJ8XC9X,2021-02-24 13:00:00,124.433,125.14,123.71,124.52,11570193.0
AAPL R735QTJ8XC9X,2021-02-24 14:00:00,124.93,125.86,122.92,124.435,11827207.0
AAPL R735QTJ8XC9X,2021-02-24 15:00:00,124.46,124.99,124.15,124.92,8480426.0
AAPL R735QTJ8XC9X,2021-02-24 16:00:00,125.35,125.56,124.2,124.46,21700028.0
AAPL R735QTJ8XC9X,2021-02-25 10:00:00,124.6293,126.46,124.21,124.64,13856727.0
AAPL R735QTJ8XC9X,2021-02-25 11:00:00,123.995,125.5297,123.13,124.8979,20616722.0
AAPL R735QTJ8XC9X,2021-02-25 12:00:00,122.58,124.23,122.42,123.67,15357056.0
AAPL R735QTJ8XC9X,2021-02-25 13:00:00,121.28,123.0,121.26,122.59,19603131.0
AAPL R735QTJ8XC9X,2021-02-25 14:00:00,122.185,122.65,120.75,121.6592,19224292.0
AAPL R735QTJ8XC9X,2021-02-25 15:00:00,122.06,123.43,121.99,122.1194,13974467.0
AAPL R735QTJ8XC9X,2021-02-25 16:00:00,120.99,122.29,120.0563,122.1938,36510613.0
AAPL R735QTJ8XC9X,2021-02-26 10:00:00,122.31,123.95,122.0,122.61,17742551.0
AAPL R735QTJ8XC9X,2021-02-26 11:00:00,123.847,124.12,121.28,122.5637,28335299.0
AAPL R735QTJ8XC9X,2021-02-26 12:00:00,124.35,124.48,122.29,123.7449,17650997.0
AAPL R735QTJ8XC9X,2021-02-26 13:00:00,123.68,124.76,123.44,124.36,12968592.0
AAPL R735QTJ8XC9X,2021-02-26 14:00:00,123.08,124.35,122.75,123.8708,12290313.0
AAPL R735QTJ8XC9X,2021-02-26 15:00:00,123.595,124.75,121.3,123.07,13598518.0
AAPL R735QTJ8XC9X,2021-02-26 16:00:00,121.26,124.85,121.2,123.59,47026560.0
AAPL R735QTJ8XC9X,2021-03-01 10:00:00,124.83,124.84,122.79,123.78,18518137.0
AAPL R735QTJ8XC9X,2021-03-01 11:00:00,125.6293,125.73,123.83,124.82,18130101.0
AAPL R735QTJ8XC9X,2021-03-01 12:00:00,126.5308,126.6,125.3946,125.495,15203767.0
AAPL R735QTJ8XC9X,2021-03-01 13:00:00,126.1601,126.62,125.37,126.3527,10349820.0
AAPL R735QTJ8XC9X,2021-03-01 14:00:00,126.345,126.555,125.6693,126.17,8619749.0
AAPL R735QTJ8XC9X,2021-03-01 15:00:00,127.58,127.75,125.04,126.35,13485942.0
AAPL R735QTJ8XC9X,2021-03-01 16:00:00,127.79,127.93,127.27,127.585,25904031.0
AAPL R735QTJ8XC9X,2021-03-02 10:00:00,126.7399,128.72,126.19,128.42,16688360.0
AAPL R735QTJ8XC9X,2021-03-02 11:00:00,126.13,127.79,125.71,126.735,16737678.0
AAPL R735QTJ8XC9X,2021-03-02 12:00:00,125.8108,126.45,125.46,126.13,12736341.0
AAPL R735QTJ8XC9X,2021-03-02 13:00:00,126.16,126.72,125.72,125.815,9726140.0
AAPL R735QTJ8XC9X,2021-03-02 14:00:00,125.9708,126.4299,125.95,126.165,7391764.0
AAPL R735QTJ8XC9X,2021-03-02 15:00:00,126.01,126.21,125.58,125.98,8950012.0
AAPL R735QTJ8XC9X,2021-03-02 16:00:00,125.12,126.32,125.01,126.02,23585527.0
AAPL R735QTJ8XC9X,2021-03-03 10:00:00,123.9901,125.72,123.75,124.77,13867950.0
AAPL R735QTJ8XC9X,2021-03-03 11:00:00,124.63,124.7,123.1116,124.0,18526038.0
AAPL R735QTJ8XC9X,2021-03-03 12:00:00,124.0507,124.935,124.02,124.63,10022043.0
AAPL R735QTJ8XC9X,2021-03-03 13:00:00,123.47,124.47,123.06,124.06,9299810.0
AAPL R735QTJ8XC9X,2021-03-03 14:00:00,123.14,124.17,122.93,123.4706,11683425.0
AAPL R735QTJ8XC9X,2021-03-03 15:00:00,122.805,123.21,121.8399,123.145,16335115.0
AAPL R735QTJ8XC9X,2021-03-03 16:00:00,122.06,123.6347,122.0,122.81,25373604.0
AAPL R735QTJ8XC9X,2021-03-04 10:00:00,120.945,123.6,120.59,121.72,18852250.0
AAPL R735QTJ8XC9X,2021-03-04 11:00:00,122.82,123.0,120.32,121.0591,25289706.0
AAPL R735QTJ8XC9X,2021-03-04 12:00:00,122.55,123.28,121.96,122.5105,14812235.0
AAPL R735QTJ8XC9X,2021-03-04 13:00:00,120.395,123.05,119.75,122.7065,24543217.0
AAPL R735QTJ8XC9X,2021-03-04 14:00:00,118.745,120.96,118.68,120.395,24617536.0
AAPL R735QTJ8XC9X,2021-03-04 15:00:00,120.315,120.86,118.615,118.7484,21632090.0
AAPL R735QTJ8XC9X,2021-03-04 16:00:00,120.13,120.81,119.51,120.33,32777543.0
AAPL R735QTJ8XC9X,2021-03-05 10:00:00,119.15,121.67,118.61,120.96,18960139.0
AAPL R735QTJ8XC9X,2021-03-05 11:00:00,118.94,120.02,118.38,119.0949,26049655.0
AAPL R735QTJ8XC9X,2021-03-05 12:00:00,119.0,119.43,117.56,118.95,24277707.0
AAPL R735QTJ8XC9X,2021-03-05 13:00:00,119.21,119.72,118.0,118.4349,17088473.0
AAPL R735QTJ8XC9X,2021-03-05 14:00:00,120.28,120.71,118.46,119.2568,17211912.0
AAPL R735QTJ8XC9X,2021-03-05 15:00:00,121.335,121.47,118.64,120.1623,14667107.0
AAPL R735QTJ8XC9X,2021-03-05 16:00:00,121.42,121.935,120.0,121.34,29279134.0
AAPL R735QTJ8XC9X,2021-03-08 10:00:00,118.47,121.0,118.26,120.92,22332980.0
AAPL R735QTJ8XC9X,2021-03-08 11:00:00,118.6393,119.48,118.06,118.46,24207348.0
AAPL R735QTJ8XC9X,2021-03-08 12:00:00,117.63,119.03,117.63,118.635,20972009.0
AAPL R735QTJ8XC9X,2021-03-08 13:00:00,117.735,118.26,117.4,117.63,15353504.0
AAPL R735QTJ8XC9X,2021-03-08 14:00:00,116.805,118.27,116.76,117.9277,15694589.0
AAPL R735QTJ8XC9X,2021-03-08 15:00:00,117.24,117.88,116.78,116.8,14678492.0
AAPL R735QTJ8XC9X,2021-03-08 16:00:00,116.36,117.39,116.21,117.1736,33386179.0
AAPL R735QTJ8XC9X,2021-03-09 10:00:00,120.28,120.48,118.79,119.1,21387955.0
AAPL R735QTJ8XC9X,2021-03-09 11:00:00,120.27,121.58,119.8233,119.8233,25185857.0
AAPL R735QTJ8XC9X,2021-03-09 12:00:00,120.555,121.0,120.05,120.3098,11899091.0
AAPL R735QTJ8XC9X,2021-03-09 13:00:00,120.8337,121.2399,120.38,120.4565,10541482.0
AAPL R735QTJ8XC9X,2021-03-09 14:00:00,121.639,121.95,120.8337,120.8337,12138068.0
AAPL R735QTJ8XC9X,2021-03-09 15:00:00,121.5548,121.7481,121.06,121.7481,9922129.0
AAPL R735QTJ8XC9X,2021-03-09 16:00:00,121.085,122.06,120.82,121.5754,29393821.0
AAPL R735QTJ8XC9X,2021-03-10 10:00:00,120.715,122.17,120.11,121.63,19870680.0
AAPL R735QTJ8XC9X,2021-03-10 11:00:00,119.875,121.1462,119.45,120.72,21530097.0
AAPL R735QTJ8XC9X,2021-03-10 12:00:00,120.34,120.5,119.47,119.8893,14124843.0
AAPL R735QTJ8XC9X,2021-03-10 13:00:00,120.19,120.49,119.59,120.34,10518390.0
AAPL R735QTJ8XC9X,2021-03-10 14:00:00,120.015,120.48,119.55,120.1446,13482210.0
AAPL R735QTJ8XC9X,2021-03-10 15:00:00,120.665,120.93,119.81,120.01,9425870.0
AAPL R735QTJ8XC9X,2021-03-10 16:00:00,119.98,120.84,119.4909,120.7425,17236720.0
AAPL R735QTJ8XC9X,2021-03-11 10:00:00,121.7,123.22,121.4,122.47,18012970.0
AAPL R735QTJ8XC9X,2021-03-11 11:00:00,122.3601,122.75,119.98,121.695,17321487.0
AAPL R735QTJ8XC9X,2021-03-11 12:00:00,122.0199,122.77,121.6669,122.1515,13134941.0
AAPL R735QTJ8XC9X,2021-03-11 13:00:00,121.8308,122.455,121.12,122.02,10808636.0
AAPL R735QTJ8XC9X,2021-03-11 14:00:00,121.91,122.31,121.55,121.847,10007120.0
AAPL R735QTJ8XC9X,2021-03-11 15:00:00,121.83,122.1333,121.62,121.8712,7625797.0
AAPL R735QTJ8XC9X,2021-03-11 16:00:00,121.96,122.23,121.76,121.83,20084484.0
AAPL R735QTJ8XC9X,2021-03-12 10:00:00,121.96,122.23,121.76,121.83,0.0
AAPL R735QTJ8XC9X,2021-03-12 11:00:00,121.96,122.23,121.76,121.83,0.0
AAPL R735QTJ8XC9X,2021-03-12 12:00:00,121.96,122.23,121.76,121.83,0.0
AAPL R735QTJ8XC9X,2021-03-12 13:00:00,121.96,122.23,121.76,121.83,0.0
AAPL R735QTJ8XC9X,2021-03-12 14:00:00,121.96,122.23,121.76,121.83,0.0
AAPL R735QTJ8XC9X,2021-03-12 15:00:00,121.96,122.23,121.76,121.83,0.0
AAPL R735QTJ8XC9X,2021-03-12 16:00:00,121.96,122.23,121.76,121.83,0.0
